0.000000	-inf
0.010000	-10000.499988
0.020000	-2500.499950
0.030000	-1111.610999
0.040000	-625.499800
0.050000	-400.499688
0.060000	-278.277328
0.070000	-204.581020
0.080000	-156.749200
0.090000	-123.955778
0.100000	-100.498751
0.110000	-83.143117
0.120000	-69.942646
0.130000	-59.669487
0.140000	-51.517961
0.150000	-44.941635
0.160000	-39.559305
0.170000	-35.098469
0.180000	-31.360155
0.190000	-28.196328
0.200000	-25.495011
0.210000	-23.170238
0.220000	-21.155123
0.230000	-19.396999
0.240000	-17.853934
0.250000	-16.492215
0.260000	-15.284481
0.270000	-14.208345
0.280000	-13.245345
0.290000	-12.380143
0.300000	-11.599917
0.310000	-10.893879
0.320000	-10.252898
0.330000	-9.669206
0.340000	-9.136162
0.350000	-8.648057
0.360000	-8.199966
0.370000	-7.787619
0.380000	-7.407302
0.390000	-7.055770
0.400000	-6.730177
0.410000	-6.428023
0.420000	-6.147099
0.430000	-5.885453
0.440000	-5.641348
0.450000	-5.413242
0.460000	-5.199757
0.470000	-4.999660
0.480000	-4.811844
0.490000	-4.635317
0.500000	-4.469181
0.510000	-4.312629
0.520000	-4.164929
0.530000	-4.025417
0.540000	-3.893491
0.550000	-3.768603
0.560000	-3.650253
0.570000	-3.537985
0.580000	-3.431381
0.590000	-3.330059
0.600000	-3.233670
0.610000	-3.141890
0.620000	-3.054423
0.630000	-2.970997
0.640000	-2.891359
0.650000	-2.815278
0.660000	-2.742538
0.670000	-2.672939
0.680000	-2.606298
0.690000	-2.542442
0.700000	-2.481213
0.710000	-2.422464
0.720000	-2.366055
0.730000	-2.311858
0.740000	-2.259755
0.750000	-2.209632
0.760000	-2.161386
0.770000	-2.114918
0.780000	-2.070137
0.790000	-2.026958
0.800000	-1.985299
0.810000	-1.945086
0.820000	-1.906247
0.830000	-1.868717
0.840000	-1.832431
0.850000	-1.797331
0.860000	-1.763361
0.870000	-1.730470
0.880000	-1.698607
0.890000	-1.667726
0.900000	-1.637783
0.910000	-1.608736
0.920000	-1.580545
0.930000	-1.553174
0.940000	-1.526587
0.950000	-1.500751
0.960000	-1.475634
0.970000	-1.451205
0.980000	-1.427436
0.990000	-1.404301
1.000000	-1.381773
1.010000	-1.359828
1.020000	-1.338443
1.030000	-1.317595
1.040000	-1.297264
1.050000	-1.277429
1.060000	-1.258071
1.070000	-1.239173
1.080000	-1.220716
1.090000	-1.202684
1.100000	-1.185061
1.110000	-1.167833
1.120000	-1.150984
1.130000	-1.134502
1.140000	-1.118372
1.150000	-1.102583
1.160000	-1.087122
1.170000	-1.071977
1.180000	-1.057139
1.190000	-1.042595
1.200000	-1.028337
1.210000	-1.014353
1.220000	-1.000636
1.230000	-0.987176
1.240000	-0.973965
1.250000	-0.960994
1.260000	-0.948256
1.270000	-0.935742
1.280000	-0.923447
1.290000	-0.911362
1.300000	-0.899482
1.310000	-0.887799
1.320000	-0.876308
1.330000	-0.865003
1.340000	-0.853877
1.350000	-0.842926
1.360000	-0.832145
1.370000	-0.821527
1.380000	-0.811068
1.390000	-0.800765
1.400000	-0.790611
1.410000	-0.780602
1.420000	-0.770735
1.430000	-0.761006
1.440000	-0.751410
1.450000	-0.741944
1.460000	-0.732603
1.470000	-0.723386
1.480000	-0.714287
1.490000	-0.705305
1.500000	-0.696435
1.510000	-0.687676
1.520000	-0.679023
1.530000	-0.670474
1.540000	-0.662026
1.550000	-0.653677
1.560000	-0.645425
1.570000	-0.637266
1.580000	-0.629198
1.590000	-0.621219
1.600000	-0.613327
1.610000	-0.605520
1.620000	-0.597796
1.630000	-0.590152
1.640000	-0.582587
1.650000	-0.575099
1.660000	-0.567686
1.670000	-0.560346
1.680000	-0.553077
1.690000	-0.545879
1.700000	-0.538749
1.710000	-0.531686
1.720000	-0.524689
1.730000	-0.517755
1.740000	-0.510885
1.750000	-0.504075
1.760000	-0.497325
1.770000	-0.490634
1.780000	-0.484001
1.790000	-0.477424
1.800000	-0.470902
1.810000	-0.464435
1.820000	-0.458020
1.830000	-0.451658
1.840000	-0.445346
1.850000	-0.439085
1.860000	-0.432873
1.870000	-0.426709
1.880000	-0.420593
1.890000	-0.414523
1.900000	-0.408499
1.910000	-0.402520
1.920000	-0.396585
1.930000	-0.390693
1.940000	-0.384844
1.950000	-0.379038
1.960000	-0.373272
1.970000	-0.367548
1.980000	-0.361863
1.990000	-0.356218
2.000000	-0.350612
2.010000	-0.345044
2.020000	-0.339514
2.030000	-0.334022
2.040000	-0.328566
2.050000	-0.323146
2.060000	-0.317762
2.070000	-0.312413
2.080000	-0.307099
2.090000	-0.301820
2.100000	-0.296575
2.110000	-0.291363
2.120000	-0.286184
2.130000	-0.281038
2.140000	-0.275925
2.150000	-0.270844
2.160000	-0.265794
2.170000	-0.260776
2.180000	-0.255789
2.190000	-0.250833
2.200000	-0.245907
2.210000	-0.241012
2.220000	-0.236146
2.230000	-0.231310
2.240000	-0.226504
2.250000	-0.221727
2.260000	-0.216978
2.270000	-0.212259
2.280000	-0.207567
2.290000	-0.202904
2.300000	-0.198270
2.310000	-0.193663
2.320000	-0.189083
2.330000	-0.184531
2.340000	-0.180007
2.350000	-0.175509
2.360000	-0.171039
2.370000	-0.166595
2.380000	-0.162178
2.390000	-0.157787
2.400000	-0.153423
2.410000	-0.149085
2.420000	-0.144774
2.430000	-0.140488
2.440000	-0.136228
2.450000	-0.131994
2.460000	-0.127785
2.470000	-0.123602
2.480000	-0.119445
2.490000	-0.115313
2.500000	-0.111206
2.510000	-0.107124
2.520000	-0.103068
2.530000	-0.099036
2.540000	-0.095030
2.550000	-0.091048
2.560000	-0.087091
2.570000	-0.083159
2.580000	-0.079252
2.590000	-0.075369
2.600000	-0.071511
2.610000	-0.067678
2.620000	-0.063868
2.630000	-0.060084
2.640000	-0.056324
2.650000	-0.052588
2.660000	-0.048876
2.670000	-0.045189
2.680000	-0.041526
2.690000	-0.037888
2.700000	-0.034273
2.710000	-0.030683
2.720000	-0.027117
2.730000	-0.023575
2.740000	-0.020058
2.750000	-0.016564
2.760000	-0.013094
2.770000	-0.009649
2.780000	-0.006228
2.790000	-0.002830
2.800000	0.000543
2.810000	0.003892
2.820000	0.007217
2.830000	0.010518
2.840000	0.013795
2.850000	0.017048
2.860000	0.020277
2.870000	0.023482
2.880000	0.026663
2.890000	0.029820
2.900000	0.032953
2.910000	0.036062
2.920000	0.039147
2.930000	0.042207
2.940000	0.045244
2.950000	0.048257
2.960000	0.051245
2.970000	0.054210
2.980000	0.057150
2.990000	0.060067
3.000000	0.062959
3.010000	0.065827
3.020000	0.068671
3.030000	0.071491
3.040000	0.074287
3.050000	0.077059
3.060000	0.079807
3.070000	0.082530
3.080000	0.085229
3.090000	0.087904
3.100000	0.090555
3.110000	0.093182
3.120000	0.095784
3.130000	0.098363
3.140000	0.100917
3.150000	0.103446
3.160000	0.105952
3.170000	0.108433
3.180000	0.110890
3.190000	0.113323
3.200000	0.115732
3.210000	0.118116
3.220000	0.120476
3.230000	0.122811
3.240000	0.125123
3.250000	0.127410
3.260000	0.129672
3.270000	0.131911
3.280000	0.134125
3.290000	0.136314
3.300000	0.138479
3.310000	0.140620
3.320000	0.142737
3.330000	0.144829
3.340000	0.146897
3.350000	0.148940
3.360000	0.150959
3.370000	0.152954
3.380000	0.154925
3.390000	0.156871
3.400000	0.158792
3.410000	0.160689
3.420000	0.162562
3.430000	0.164411
3.440000	0.166235
3.450000	0.168035
3.460000	0.169810
3.470000	0.171562
3.480000	0.173289
3.490000	0.174991
3.500000	0.176669
3.510000	0.178323
3.520000	0.179953
3.530000	0.181558
3.540000	0.183139
3.550000	0.184696
3.560000	0.186228
3.570000	0.187737
3.580000	0.189221
3.590000	0.190681
3.600000	0.192117
3.610000	0.193528
3.620000	0.194916
3.630000	0.196279
3.640000	0.197618
3.650000	0.198934
3.660000	0.200225
3.670000	0.201492
3.680000	0.202735
3.690000	0.203954
3.700000	0.205149
3.710000	0.206321
3.720000	0.207468
3.730000	0.208592
3.740000	0.209691
3.750000	0.210767
3.760000	0.211819
3.770000	0.212848
3.780000	0.213853
3.790000	0.214834
3.800000	0.215791
3.810000	0.216725
3.820000	0.217636
3.830000	0.218523
3.840000	0.219386
3.850000	0.220226
3.860000	0.221043
3.870000	0.221837
3.880000	0.222607
3.890000	0.223354
3.900000	0.224078
3.910000	0.224778
3.920000	0.225456
3.930000	0.226111
3.940000	0.226742
3.950000	0.227351
3.960000	0.227937
3.970000	0.228500
3.980000	0.229040
3.990000	0.229558
4.000000	0.230053
4.010000	0.230526
4.020000	0.230976
4.030000	0.231404
4.040000	0.231809
4.050000	0.232192
4.060000	0.232553
4.070000	0.232891
4.080000	0.233208
4.090000	0.233503
4.100000	0.233775
4.110000	0.234026
4.120000	0.234255
4.130000	0.234462
4.140000	0.234648
4.150000	0.234812
4.160000	0.234954
4.170000	0.235075
4.180000	0.235175
4.190000	0.235253
4.200000	0.235311
4.210000	0.235347
4.220000	0.235362
4.230000	0.235356
4.240000	0.235330
4.250000	0.235283
4.260000	0.235215
4.270000	0.235126
4.280000	0.235017
4.290000	0.234888
4.300000	0.234738
4.310000	0.234569
4.320000	0.234379
4.330000	0.234169
4.340000	0.233939
4.350000	0.233689
4.360000	0.233420
4.370000	0.233131
4.380000	0.232823
4.390000	0.232495
4.400000	0.232148
4.410000	0.231782
4.420000	0.231396
4.430000	0.230992
4.440000	0.230568
4.450000	0.230126
4.460000	0.229666
4.470000	0.229186
4.480000	0.228689
4.490000	0.228173
4.500000	0.227639
4.510000	0.227086
4.520000	0.226516
4.530000	0.225928
4.540000	0.225322
4.550000	0.224698
4.560000	0.224057
4.570000	0.223399
4.580000	0.222723
4.590000	0.222030
4.600000	0.221320
4.610000	0.220593
4.620000	0.219849
4.630000	0.219089
4.640000	0.218312
4.650000	0.217519
4.660000	0.216709
4.670000	0.215883
4.680000	0.215042
4.690000	0.214184
4.700000	0.213310
4.710000	0.212421
4.720000	0.211517
4.730000	0.210597
4.740000	0.209661
4.750000	0.208711
4.760000	0.207745
4.770000	0.206765
4.780000	0.205770
4.790000	0.204761
4.800000	0.203737
4.810000	0.202698
4.820000	0.201646
4.830000	0.200579
4.840000	0.199499
4.850000	0.198405
4.860000	0.197297
4.870000	0.196176
4.880000	0.195041
4.890000	0.193893
4.900000	0.192732
4.910000	0.191559
4.920000	0.190372
4.930000	0.189173
4.940000	0.187962
4.950000	0.186738
4.960000	0.185502
4.970000	0.184253
4.980000	0.182993
4.990000	0.181722
5.000000	0.180438
5.010000	0.179144
5.020000	0.177838
5.030000	0.176520
5.040000	0.175192
5.050000	0.173853
5.060000	0.172503
5.070000	0.171143
5.080000	0.169772
5.090000	0.168391
5.100000	0.167000
5.110000	0.165599
5.120000	0.164189
5.130000	0.162768
5.140000	0.161338
5.150000	0.159899
5.160000	0.158451
5.170000	0.156993
5.180000	0.155527
5.190000	0.154052
5.200000	0.152568
5.210000	0.151076
5.220000	0.149576
5.230000	0.148068
5.240000	0.146552
5.250000	0.145028
5.260000	0.143496
5.270000	0.141957
5.280000	0.140410
5.290000	0.138857
5.300000	0.137296
5.310000	0.135728
5.320000	0.134154
5.330000	0.132574
5.340000	0.130986
5.350000	0.129393
5.360000	0.127794
5.370000	0.126188
5.380000	0.124577
5.390000	0.122961
5.400000	0.121339
5.410000	0.119711
5.420000	0.118079
5.430000	0.116441
5.440000	0.114799
5.450000	0.113152
5.460000	0.111501
5.470000	0.109845
5.480000	0.108185
5.490000	0.106521
5.500000	0.104853
5.510000	0.103181
5.520000	0.101506
5.530000	0.099828
5.540000	0.098146
5.550000	0.096461
5.560000	0.094773
5.570000	0.093082
5.580000	0.091389
5.590000	0.089693
5.600000	0.087995
5.610000	0.086295
5.620000	0.084593
5.630000	0.082888
5.640000	0.081183
5.650000	0.079475
5.660000	0.077766
5.670000	0.076056
5.680000	0.074345
5.690000	0.072633
5.700000	0.070920
5.710000	0.069207
5.720000	0.067493
5.730000	0.065778
5.740000	0.064064
5.750000	0.062349
5.760000	0.060634
5.770000	0.058920
5.780000	0.057206
5.790000	0.055493
5.800000	0.053780
5.810000	0.052069
5.820000	0.050358
5.830000	0.048648
5.840000	0.046940
5.850000	0.045233
5.860000	0.043528
5.870000	0.041824
5.880000	0.040122
5.890000	0.038423
5.900000	0.036725
5.910000	0.035030
5.920000	0.033337
5.930000	0.031646
5.940000	0.029959
5.950000	0.028274
5.960000	0.026592
5.970000	0.024914
5.980000	0.023238
5.990000	0.021566
6.000000	0.019898
6.010000	0.018233
6.020000	0.016572
6.030000	0.014915
6.040000	0.013262
6.050000	0.011614
6.060000	0.009969
6.070000	0.008329
6.080000	0.006694
6.090000	0.005064
6.100000	0.003438
6.110000	0.001817
6.120000	0.000202
6.130000	-0.001409
6.140000	-0.003014
6.150000	-0.004613
6.160000	-0.006207
6.170000	-0.007795
6.180000	-0.009377
6.190000	-0.010953
6.200000	-0.012523
6.210000	-0.014087
6.220000	-0.015644
6.230000	-0.017195
6.240000	-0.018740
6.250000	-0.020277
6.260000	-0.021808
6.270000	-0.023332
6.280000	-0.024849
6.290000	-0.026358
6.300000	-0.027861
6.310000	-0.029355
6.320000	-0.030843
6.330000	-0.032323
6.340000	-0.033795
6.350000	-0.035259
6.360000	-0.036715
6.370000	-0.038163
6.380000	-0.039603
6.390000	-0.041035
6.400000	-0.042458
6.410000	-0.043873
6.420000	-0.045280
6.430000	-0.046677
6.440000	-0.048066
6.450000	-0.049446
6.460000	-0.050817
6.470000	-0.052179
6.480000	-0.053532
6.490000	-0.054876
6.500000	-0.056210
6.510000	-0.057535
6.520000	-0.058850
6.530000	-0.060155
6.540000	-0.061451
6.550000	-0.062737
6.560000	-0.064014
6.570000	-0.065280
6.580000	-0.066536
6.590000	-0.067782
6.600000	-0.069018
6.610000	-0.070243
6.620000	-0.071458
6.630000	-0.072663
6.640000	-0.073857
6.650000	-0.075040
6.660000	-0.076213
6.670000	-0.077375
6.680000	-0.078526
6.690000	-0.079666
6.700000	-0.080795
6.710000	-0.081913
6.720000	-0.083020
6.730000	-0.084115
6.740000	-0.085200
6.750000	-0.086273
6.760000	-0.087334
6.770000	-0.088385
6.780000	-0.089423
6.790000	-0.090450
6.800000	-0.091466
6.810000	-0.092469
6.820000	-0.093461
6.830000	-0.094441
6.840000	-0.095409
6.850000	-0.096365
6.860000	-0.097310
6.870000	-0.098242
6.880000	-0.099162
6.890000	-0.100070
6.900000	-0.100965
6.910000	-0.101849
6.920000	-0.102720
6.930000	-0.103579
6.940000	-0.104425
6.950000	-0.105259
6.960000	-0.106081
6.970000	-0.106890
6.980000	-0.107686
6.990000	-0.108470
7.000000	-0.109241
7.010000	-0.110000
7.020000	-0.110745
7.030000	-0.111479
7.040000	-0.112199
7.050000	-0.112906
7.060000	-0.113601
7.070000	-0.114283
7.080000	-0.114952
7.090000	-0.115608
7.100000	-0.116251
7.110000	-0.116881
7.120000	-0.117499
7.130000	-0.118103
7.140000	-0.118694
7.150000	-0.119272
7.160000	-0.119837
7.170000	-0.120389
7.180000	-0.120928
7.190000	-0.121454
7.200000	-0.121967
7.210000	-0.122466
7.220000	-0.122953
7.230000	-0.123426
7.240000	-0.123886
7.250000	-0.124333
7.260000	-0.124767
7.270000	-0.125187
7.280000	-0.125595
7.290000	-0.125989
7.300000	-0.126370
7.310000	-0.126738
7.320000	-0.127093
7.330000	-0.127434
7.340000	-0.127762
7.350000	-0.128077
7.360000	-0.128379
7.370000	-0.128668
7.380000	-0.128944
7.390000	-0.129206
7.400000	-0.129456
7.410000	-0.129692
7.420000	-0.129915
7.430000	-0.130125
7.440000	-0.130322
7.450000	-0.130505
7.460000	-0.130676
7.470000	-0.130834
7.480000	-0.130979
7.490000	-0.131110
7.500000	-0.131229
7.510000	-0.131335
7.520000	-0.131428
7.530000	-0.131508
7.540000	-0.131575
7.550000	-0.131629
7.560000	-0.131670
7.570000	-0.131699
7.580000	-0.131715
7.590000	-0.131718
7.600000	-0.131708
7.610000	-0.131686
7.620000	-0.131651
7.630000	-0.131603
7.640000	-0.131543
7.650000	-0.131470
7.660000	-0.131385
7.670000	-0.131288
7.680000	-0.131177
7.690000	-0.131055
7.700000	-0.130920
7.710000	-0.130773
7.720000	-0.130614
7.730000	-0.130443
7.740000	-0.130259
7.750000	-0.130063
7.760000	-0.129856
7.770000	-0.129636
7.780000	-0.129404
7.790000	-0.129161
7.800000	-0.128905
7.810000	-0.128638
7.820000	-0.128359
7.830000	-0.128068
7.840000	-0.127766
7.850000	-0.127452
7.860000	-0.127127
7.870000	-0.126790
7.880000	-0.126442
7.890000	-0.126082
7.900000	-0.125711
7.910000	-0.125329
7.920000	-0.124936
7.930000	-0.124532
7.940000	-0.124116
7.950000	-0.123690
7.960000	-0.123253
7.970000	-0.122805
7.980000	-0.122346
7.990000	-0.121876
8.000000	-0.121396
8.010000	-0.120906
8.020000	-0.120405
8.030000	-0.119893
8.040000	-0.119371
8.050000	-0.118839
8.060000	-0.118297
8.070000	-0.117745
8.080000	-0.117182
8.090000	-0.116610
8.100000	-0.116027
8.110000	-0.115435
8.120000	-0.114834
8.130000	-0.114222
8.140000	-0.113601
8.150000	-0.112971
8.160000	-0.112331
8.170000	-0.111682
8.180000	-0.111023
8.190000	-0.110356
8.200000	-0.109679
8.210000	-0.108994
8.220000	-0.108299
8.230000	-0.107596
8.240000	-0.106884
8.250000	-0.106163
8.260000	-0.105434
8.270000	-0.104696
8.280000	-0.103950
8.290000	-0.103196
8.300000	-0.102434
8.310000	-0.101663
8.320000	-0.100884
8.330000	-0.100098
8.340000	-0.099304
8.350000	-0.098501
8.360000	-0.097692
8.370000	-0.096875
8.380000	-0.096050
8.390000	-0.095218
8.400000	-0.094378
8.410000	-0.093532
8.420000	-0.092678
8.430000	-0.091818
8.440000	-0.090951
8.450000	-0.090076
8.460000	-0.089196
8.470000	-0.088308
8.480000	-0.087414
8.490000	-0.086514
8.500000	-0.085607
8.510000	-0.084695
8.520000	-0.083776
8.530000	-0.082851
8.540000	-0.081920
8.550000	-0.080984
8.560000	-0.080042
8.570000	-0.079094
8.580000	-0.078141
8.590000	-0.077182
8.600000	-0.076218
8.610000	-0.075249
8.620000	-0.074275
8.630000	-0.073296
8.640000	-0.072312
8.650000	-0.071323
8.660000	-0.070330
8.670000	-0.069332
8.680000	-0.068330
8.690000	-0.067323
8.700000	-0.066312
8.710000	-0.065297
8.720000	-0.064278
8.730000	-0.063255
8.740000	-0.062229
8.750000	-0.061198
8.760000	-0.060164
8.770000	-0.059127
8.780000	-0.058086
8.790000	-0.057041
8.800000	-0.055994
8.810000	-0.054944
8.820000	-0.053890
8.830000	-0.052834
8.840000	-0.051775
8.850000	-0.050713
8.860000	-0.049649
8.870000	-0.048582
8.880000	-0.047513
8.890000	-0.046442
8.900000	-0.045369
8.910000	-0.044293
8.920000	-0.043216
8.930000	-0.042137
8.940000	-0.041056
8.950000	-0.039974
8.960000	-0.038890
8.970000	-0.037805
8.980000	-0.036719
8.990000	-0.035631
9.000000	-0.034542
9.010000	-0.033453
9.020000	-0.032362
9.030000	-0.031271
9.040000	-0.030179
9.050000	-0.029087
9.060000	-0.027994
9.070000	-0.026901
9.080000	-0.025808
9.090000	-0.024715
9.100000	-0.023621
9.110000	-0.022528
9.120000	-0.021435
9.130000	-0.020342
9.140000	-0.019250
9.150000	-0.018158
9.160000	-0.017067
9.170000	-0.015976
9.180000	-0.014886
9.190000	-0.013797
9.200000	-0.012710
9.210000	-0.011623
9.220000	-0.010538
9.230000	-0.009453
9.240000	-0.008371
9.250000	-0.007290
9.260000	-0.006210
9.270000	-0.005132
9.280000	-0.004056
9.290000	-0.002982
9.300000	-0.001910
9.310000	-0.000840
9.320000	0.000228
9.330000	0.001293
9.340000	0.002356
9.350000	0.003417
9.360000	0.004474
9.370000	0.005530
9.380000	0.006582
9.390000	0.007632
9.400000	0.008678
9.410000	0.009722
9.420000	0.010762
9.430000	0.011799
9.440000	0.012833
9.450000	0.013863
9.460000	0.014890
9.470000	0.015913
9.480000	0.016932
9.490000	0.017948
9.500000	0.018960
9.510000	0.019967
9.520000	0.020971
9.530000	0.021971
9.540000	0.022966
9.550000	0.023957
9.560000	0.024943
9.570000	0.025925
9.580000	0.026903
9.590000	0.027876
9.600000	0.028844
9.610000	0.029807
9.620000	0.030765
9.630000	0.031718
9.640000	0.032667
9.650000	0.033610
9.660000	0.034547
9.670000	0.035480
9.680000	0.036407
9.690000	0.037329
9.700000	0.038245
9.710000	0.039155
9.720000	0.040060
9.730000	0.040959
9.740000	0.041852
9.750000	0.042739
9.760000	0.043620
9.770000	0.044495
9.780000	0.045364
9.790000	0.046227
9.800000	0.047084
9.810000	0.047934
9.820000	0.048778
9.830000	0.049615
9.840000	0.050445
9.850000	0.051270
9.860000	0.052087
9.870000	0.052898
9.880000	0.053701
9.890000	0.054498
9.900000	0.055288
9.910000	0.056071
9.920000	0.056847
9.930000	0.057616
9.940000	0.058377
9.950000	0.059132
9.960000	0.059879
9.970000	0.060618
9.980000	0.061351
9.990000	0.062076
10.000000	0.062793
10.010000	0.063503
10.020000	0.064205
10.030000	0.064899
10.040000	0.065586
10.050000	0.066264
10.060000	0.066935
10.070000	0.067599
10.080000	0.068254
10.090000	0.068901
10.100000	0.069540
10.110000	0.070171
10.120000	0.070794
10.130000	0.071409
10.140000	0.072016
10.150000	0.072614
10.160000	0.073204
10.170000	0.073786
10.180000	0.074359
10.190000	0.074924
10.200000	0.075480
10.210000	0.076028
10.220000	0.076568
10.230000	0.077099
10.240000	0.077621
10.250000	0.078135
10.260000	0.078640
10.270000	0.079136
10.280000	0.079624
10.290000	0.080103
10.300000	0.080573
10.310000	0.081034
10.320000	0.081487
10.330000	0.081930
10.340000	0.082365
10.350000	0.082791
10.360000	0.083208
10.370000	0.083616
10.380000	0.084015
10.390000	0.084404
10.400000	0.084785
10.410000	0.085157
10.420000	0.085520
10.430000	0.085874
10.440000	0.086218
10.450000	0.086554
10.460000	0.086880
10.470000	0.087197
10.480000	0.087505
10.490000	0.087804
10.500000	0.088094
10.510000	0.088374
10.520000	0.088646
10.530000	0.088908
10.540000	0.089161
10.550000	0.089404
10.560000	0.089639
10.570000	0.089864
10.580000	0.090080
10.590000	0.090286
10.600000	0.090484
10.610000	0.090672
10.620000	0.090851
10.630000	0.091021
10.640000	0.091181
10.650000	0.091332
10.660000	0.091474
10.670000	0.091607
10.680000	0.091730
10.690000	0.091844
10.700000	0.091949
10.710000	0.092045
10.720000	0.092132
10.730000	0.092209
10.740000	0.092277
10.750000	0.092336
10.760000	0.092386
10.770000	0.092426
10.780000	0.092458
10.790000	0.092480
10.800000	0.092493
10.810000	0.092498
10.820000	0.092493
10.830000	0.092479
10.840000	0.092455
10.850000	0.092423
10.860000	0.092382
10.870000	0.092332
10.880000	0.092273
10.890000	0.092205
10.900000	0.092128
10.910000	0.092042
10.920000	0.091947
10.930000	0.091843
10.940000	0.091731
10.950000	0.091609
10.960000	0.091479
10.970000	0.091340
10.980000	0.091193
10.990000	0.091037
11.000000	0.090872
11.010000	0.090698
11.020000	0.090516
11.030000	0.090325
11.040000	0.090126
11.050000	0.089918
11.060000	0.089702
11.070000	0.089477
11.080000	0.089244
11.090000	0.089003
11.100000	0.088753
11.110000	0.088495
11.120000	0.088229
11.130000	0.087955
11.140000	0.087672
11.150000	0.087382
11.160000	0.087083
11.170000	0.086776
11.180000	0.086461
11.190000	0.086139
11.200000	0.085808
11.210000	0.085470
11.220000	0.085124
11.230000	0.084770
11.240000	0.084408
11.250000	0.084039
11.260000	0.083662
11.270000	0.083277
11.280000	0.082885
11.290000	0.082486
11.300000	0.082079
11.310000	0.081665
11.320000	0.081243
11.330000	0.080815
11.340000	0.080379
11.350000	0.079936
11.360000	0.079485
11.370000	0.079028
11.380000	0.078564
11.390000	0.078093
11.400000	0.077615
11.410000	0.077130
11.420000	0.076639
11.430000	0.076141
11.440000	0.075636
11.450000	0.075125
11.460000	0.074607
11.470000	0.074083
11.480000	0.073552
11.490000	0.073015
11.500000	0.072472
11.510000	0.071922
11.520000	0.071367
11.530000	0.070805
11.540000	0.070238
11.550000	0.069664
11.560000	0.069085
11.570000	0.068500
11.580000	0.067909
11.590000	0.067312
11.600000	0.066710
11.610000	0.066103
11.620000	0.065489
11.630000	0.064871
11.640000	0.064247
11.650000	0.063618
11.660000	0.062984
11.670000	0.062344
11.680000	0.061700
11.690000	0.061050
11.700000	0.060396
11.710000	0.059737
11.720000	0.059073
11.730000	0.058404
11.740000	0.057731
11.750000	0.057053
11.760000	0.056371
11.770000	0.055685
11.780000	0.054994
11.790000	0.054299
11.800000	0.053599
11.810000	0.052896
11.820000	0.052188
11.830000	0.051477
11.840000	0.050762
11.850000	0.050043
11.860000	0.049320
11.870000	0.048594
11.880000	0.047864
11.890000	0.047130
11.900000	0.046393
11.910000	0.045653
11.920000	0.044910
11.930000	0.044163
11.940000	0.043413
11.950000	0.042661
11.960000	0.041905
11.970000	0.041146
11.980000	0.040385
11.990000	0.039621
12.000000	0.038854
12.010000	0.038085
12.020000	0.037313
12.030000	0.036539
12.040000	0.035763
12.050000	0.034984
12.060000	0.034203
12.070000	0.033421
12.080000	0.032636
12.090000	0.031849
12.100000	0.031060
12.110000	0.030270
12.120000	0.029478
12.130000	0.028684
12.140000	0.027889
12.150000	0.027092
12.160000	0.026294
12.170000	0.025495
12.180000	0.024695
12.190000	0.023893
12.200000	0.023090
12.210000	0.022287
12.220000	0.021482
12.230000	0.020677
12.240000	0.019871
12.250000	0.019064
12.260000	0.018257
12.270000	0.017449
12.280000	0.016641
12.290000	0.015833
12.300000	0.015024
12.310000	0.014215
12.320000	0.013406
12.330000	0.012598
12.340000	0.011789
12.350000	0.010980
12.360000	0.010171
12.370000	0.009363
12.380000	0.008555
12.390000	0.007748
12.400000	0.006941
12.410000	0.006135
12.420000	0.005330
12.430000	0.004525
12.440000	0.003721
12.450000	0.002918
12.460000	0.002116
12.470000	0.001315
12.480000	0.000516
12.490000	-0.000283
12.500000	-0.001080
12.510000	-0.001876
12.520000	-0.002670
12.530000	-0.003463
12.540000	-0.004254
12.550000	-0.005044
12.560000	-0.005832
12.570000	-0.006618
12.580000	-0.007402
12.590000	-0.008184
12.600000	-0.008964
12.610000	-0.009742
12.620000	-0.010517
12.630000	-0.011291
12.640000	-0.012062
12.650000	-0.012831
12.660000	-0.013597
12.670000	-0.014360
12.680000	-0.015122
12.690000	-0.015880
12.700000	-0.016635
12.710000	-0.017388
12.720000	-0.018138
12.730000	-0.018885
12.740000	-0.019629
12.750000	-0.020370
12.760000	-0.021107
12.770000	-0.021841
12.780000	-0.022573
12.790000	-0.023300
12.800000	-0.024024
12.810000	-0.024745
12.820000	-0.025462
12.830000	-0.026176
12.840000	-0.026886
12.850000	-0.027592
12.860000	-0.028294
12.870000	-0.028992
12.880000	-0.029687
12.890000	-0.030377
12.900000	-0.031064
12.910000	-0.031746
12.920000	-0.032424
12.930000	-0.033098
12.940000	-0.033767
12.950000	-0.034432
12.960000	-0.035093
12.970000	-0.035749
12.980000	-0.036401
12.990000	-0.037048
13.000000	-0.037690
13.010000	-0.038328
13.020000	-0.038961
13.030000	-0.039589
13.040000	-0.040212
13.050000	-0.040830
13.060000	-0.041444
13.070000	-0.042052
13.080000	-0.042655
13.090000	-0.043253
13.100000	-0.043846
13.110000	-0.044434
13.120000	-0.045016
13.130000	-0.045593
13.140000	-0.046165
13.150000	-0.046731
13.160000	-0.047292
13.170000	-0.047847
13.180000	-0.048397
13.190000	-0.048941
13.200000	-0.049479
13.210000	-0.050012
13.220000	-0.050539
13.230000	-0.051060
13.240000	-0.051575
13.250000	-0.052085
13.260000	-0.052588
13.270000	-0.053086
13.280000	-0.053577
13.290000	-0.054063
13.300000	-0.054543
13.310000	-0.055016
13.320000	-0.055483
13.330000	-0.055944
13.340000	-0.056399
13.350000	-0.056848
13.360000	-0.057290
13.370000	-0.057726
13.380000	-0.058155
13.390000	-0.058579
13.400000	-0.058995
13.410000	-0.059406
13.420000	-0.059810
13.430000	-0.060207
13.440000	-0.060598
13.450000	-0.060982
13.460000	-0.061360
13.470000	-0.061731
13.480000	-0.062095
13.490000	-0.062453
13.500000	-0.062804
13.510000	-0.063148
13.520000	-0.063486
13.530000	-0.063816
13.540000	-0.064140
13.550000	-0.064458
13.560000	-0.064768
13.570000	-0.065071
13.580000	-0.065368
13.590000	-0.065657
13.600000	-0.065940
13.610000	-0.066216
13.620000	-0.066485
13.630000	-0.066747
13.640000	-0.067002
13.650000	-0.067250
13.660000	-0.067491
13.670000	-0.067724
13.680000	-0.067951
13.690000	-0.068171
13.700000	-0.068384
13.710000	-0.068589
13.720000	-0.068788
13.730000	-0.068980
13.740000	-0.069164
13.750000	-0.069341
13.760000	-0.069511
13.770000	-0.069674
13.780000	-0.069830
13.790000	-0.069979
13.800000	-0.070121
13.810000	-0.070255
13.820000	-0.070383
13.830000	-0.070503
13.840000	-0.070616
13.850000	-0.070722
13.860000	-0.070821
13.870000	-0.070913
13.880000	-0.070997
13.890000	-0.071074
13.900000	-0.071145
13.910000	-0.071208
13.920000	-0.071264
13.930000	-0.071313
13.940000	-0.071354
13.950000	-0.071389
13.960000	-0.071416
13.970000	-0.071437
13.980000	-0.071450
13.990000	-0.071456
14.000000	-0.071455
14.010000	-0.071447
14.020000	-0.071432
14.030000	-0.071410
14.040000	-0.071381
14.050000	-0.071345
14.060000	-0.071302
14.070000	-0.071252
14.080000	-0.071195
14.090000	-0.071131
14.100000	-0.071060
14.110000	-0.070982
14.120000	-0.070897
14.130000	-0.070805
14.140000	-0.070707
14.150000	-0.070601
14.160000	-0.070489
14.170000	-0.070370
14.180000	-0.070244
14.190000	-0.070112
14.200000	-0.069972
14.210000	-0.069826
14.220000	-0.069673
14.230000	-0.069514
14.240000	-0.069348
14.250000	-0.069175
14.260000	-0.068995
14.270000	-0.068809
14.280000	-0.068617
14.290000	-0.068418
14.300000	-0.068212
14.310000	-0.068000
14.320000	-0.067782
14.330000	-0.067557
14.340000	-0.067326
14.350000	-0.067088
14.360000	-0.066844
14.370000	-0.066594
14.380000	-0.066338
14.390000	-0.066075
14.400000	-0.065807
14.410000	-0.065532
14.420000	-0.065251
14.430000	-0.064964
14.440000	-0.064671
14.450000	-0.064371
14.460000	-0.064066
14.470000	-0.063755
14.480000	-0.063439
14.490000	-0.063116
14.500000	-0.062787
14.510000	-0.062453
14.520000	-0.062113
14.530000	-0.061768
14.540000	-0.061416
14.550000	-0.061059
14.560000	-0.060697
14.570000	-0.060329
14.580000	-0.059956
14.590000	-0.059577
14.600000	-0.059192
14.610000	-0.058803
14.620000	-0.058408
14.630000	-0.058008
14.640000	-0.057603
14.650000	-0.057192
14.660000	-0.056777
14.670000	-0.056356
14.680000	-0.055931
14.690000	-0.055500
14.700000	-0.055065
14.710000	-0.054624
14.720000	-0.054179
14.730000	-0.053729
14.740000	-0.053275
14.750000	-0.052815
14.760000	-0.052351
14.770000	-0.051883
14.780000	-0.051410
14.790000	-0.050933
14.800000	-0.050451
14.810000	-0.049965
14.820000	-0.049474
14.830000	-0.048980
14.840000	-0.048481
14.850000	-0.047978
14.860000	-0.047471
14.870000	-0.046960
14.880000	-0.046445
14.890000	-0.045926
14.900000	-0.045403
14.910000	-0.044877
14.920000	-0.044346
14.930000	-0.043812
14.940000	-0.043275
14.950000	-0.042734
14.960000	-0.042189
14.970000	-0.041641
14.980000	-0.041089
14.990000	-0.040534
15.000000	-0.039976
15.010000	-0.039415
15.020000	-0.038850
15.030000	-0.038283
15.040000	-0.037712
15.050000	-0.037138
15.060000	-0.036562
15.070000	-0.035982
15.080000	-0.035400
15.090000	-0.034815
15.100000	-0.034228
15.110000	-0.033637
15.120000	-0.033045
15.130000	-0.032449
15.140000	-0.031852
15.150000	-0.031252
15.160000	-0.030649
15.170000	-0.030045
15.180000	-0.029438
15.190000	-0.028829
15.200000	-0.028218
15.210000	-0.027605
15.220000	-0.026990
15.230000	-0.026374
15.240000	-0.025755
15.250000	-0.025135
15.260000	-0.024513
15.270000	-0.023889
15.280000	-0.023264
15.290000	-0.022638
15.300000	-0.022009
15.310000	-0.021380
15.320000	-0.020749
15.330000	-0.020117
15.340000	-0.019484
15.350000	-0.018850
15.360000	-0.018215
15.370000	-0.017579
15.380000	-0.016942
15.390000	-0.016304
15.400000	-0.015665
15.410000	-0.015025
15.420000	-0.014385
15.430000	-0.013744
15.440000	-0.013103
15.450000	-0.012461
15.460000	-0.011819
15.470000	-0.011177
15.480000	-0.010534
15.490000	-0.009891
15.500000	-0.009248
15.510000	-0.008605
15.520000	-0.007961
15.530000	-0.007318
15.540000	-0.006675
15.550000	-0.006032
15.560000	-0.005389
15.570000	-0.004747
15.580000	-0.004105
15.590000	-0.003463
15.600000	-0.002822
15.610000	-0.002181
15.620000	-0.001541
15.630000	-0.000902
15.640000	-0.000263
15.650000	0.000374
15.660000	0.001011
15.670000	0.001647
15.680000	0.002283
15.690000	0.002917
15.700000	0.003550
15.710000	0.004181
15.720000	0.004812
15.730000	0.005441
15.740000	0.006069
15.750000	0.006696
15.760000	0.007321
15.770000	0.007945
15.780000	0.008567
15.790000	0.009187
15.800000	0.009806
15.810000	0.010423
15.820000	0.011038
15.830000	0.011651
15.840000	0.012262
15.850000	0.012872
15.860000	0.013479
15.870000	0.014084
15.880000	0.014687
15.890000	0.015288
15.900000	0.015887
15.910000	0.016483
15.920000	0.017077
15.930000	0.017668
15.940000	0.018257
15.950000	0.018843
15.960000	0.019427
15.970000	0.020008
15.980000	0.020586
15.990000	0.021162
16.000000	0.021735
16.010000	0.022305
16.020000	0.022872
16.030000	0.023436
16.040000	0.023997
16.050000	0.024555
16.060000	0.025109
16.070000	0.025661
16.080000	0.026209
16.090000	0.026755
16.100000	0.027296
16.110000	0.027835
16.120000	0.028370
16.130000	0.028901
16.140000	0.029429
16.150000	0.029954
16.160000	0.030474
16.170000	0.030991
16.180000	0.031505
16.190000	0.032014
16.200000	0.032520
16.210000	0.033022
16.220000	0.033520
16.230000	0.034014
16.240000	0.034505
16.250000	0.034991
16.260000	0.035473
16.270000	0.035951
16.280000	0.036425
16.290000	0.036894
16.300000	0.037360
16.310000	0.037821
16.320000	0.038277
16.330000	0.038730
16.340000	0.039178
16.350000	0.039621
16.360000	0.040061
16.370000	0.040495
16.380000	0.040925
16.390000	0.041351
16.400000	0.041772
16.410000	0.042188
16.420000	0.042599
16.430000	0.043006
16.440000	0.043408
16.450000	0.043805
16.460000	0.044198
16.470000	0.044585
16.480000	0.044968
16.490000	0.045346
16.500000	0.045718
16.510000	0.046086
16.520000	0.046449
16.530000	0.046807
16.540000	0.047159
16.550000	0.047507
16.560000	0.047849
16.570000	0.048187
16.580000	0.048519
16.590000	0.048845
16.600000	0.049167
16.610000	0.049483
16.620000	0.049794
16.630000	0.050100
16.640000	0.050401
16.650000	0.050696
16.660000	0.050985
16.670000	0.051269
16.680000	0.051548
16.690000	0.051822
16.700000	0.052090
16.710000	0.052352
16.720000	0.052609
16.730000	0.052860
16.740000	0.053106
16.750000	0.053346
16.760000	0.053581
16.770000	0.053810
16.780000	0.054034
16.790000	0.054251
16.800000	0.054464
16.810000	0.054670
16.820000	0.054871
16.830000	0.055066
16.840000	0.055256
16.850000	0.055439
16.860000	0.055618
16.870000	0.055790
16.880000	0.055956
16.890000	0.056117
16.900000	0.056272
16.910000	0.056422
16.920000	0.056565
16.930000	0.056703
16.940000	0.056835
16.950000	0.056961
16.960000	0.057082
16.970000	0.057196
16.980000	0.057305
16.990000	0.057408
17.000000	0.057505
17.010000	0.057596
17.020000	0.057682
17.030000	0.057761
17.040000	0.057835
17.050000	0.057903
17.060000	0.057965
17.070000	0.058022
17.080000	0.058072
17.090000	0.058117
17.100000	0.058156
17.110000	0.058189
17.120000	0.058216
17.130000	0.058237
17.140000	0.058253
17.150000	0.058263
17.160000	0.058267
17.170000	0.058265
17.180000	0.058258
17.190000	0.058244
17.200000	0.058225
17.210000	0.058200
17.220000	0.058170
17.230000	0.058134
17.240000	0.058091
17.250000	0.058044
17.260000	0.057990
17.270000	0.057931
17.280000	0.057866
17.290000	0.057796
17.300000	0.057719
17.310000	0.057638
17.320000	0.057550
17.330000	0.057457
17.340000	0.057358
17.350000	0.057254
17.360000	0.057144
17.370000	0.057029
17.380000	0.056908
17.390000	0.056782
17.400000	0.056650
17.410000	0.056513
17.420000	0.056370
17.430000	0.056222
17.440000	0.056068
17.450000	0.055909
17.460000	0.055744
17.470000	0.055575
17.480000	0.055400
17.490000	0.055219
17.500000	0.055034
17.510000	0.054843
17.520000	0.054646
17.530000	0.054445
17.540000	0.054239
17.550000	0.054027
17.560000	0.053810
17.570000	0.053588
17.580000	0.053361
17.590000	0.053129
17.600000	0.052892
17.610000	0.052650
17.620000	0.052403
17.630000	0.052151
17.640000	0.051895
17.650000	0.051633
17.660000	0.051367
17.670000	0.051095
17.680000	0.050819
17.690000	0.050539
17.700000	0.050253
17.710000	0.049963
17.720000	0.049668
17.730000	0.049369
17.740000	0.049065
17.750000	0.048757
17.760000	0.048444
17.770000	0.048126
17.780000	0.047804
17.790000	0.047478
17.800000	0.047148
17.810000	0.046813
17.820000	0.046474
17.830000	0.046130
17.840000	0.045783
17.850000	0.045431
17.860000	0.045075
17.870000	0.044715
17.880000	0.044351
17.890000	0.043983
17.900000	0.043611
17.910000	0.043235
17.920000	0.042856
17.930000	0.042472
17.940000	0.042085
17.950000	0.041694
17.960000	0.041299
17.970000	0.040900
17.980000	0.040498
17.990000	0.040093
18.000000	0.039683
18.010000	0.039271
18.020000	0.038855
18.030000	0.038435
18.040000	0.038012
18.050000	0.037586
18.060000	0.037157
18.070000	0.036724
18.080000	0.036288
18.090000	0.035849
18.100000	0.035407
18.110000	0.034962
18.120000	0.034514
18.130000	0.034063
18.140000	0.033609
18.150000	0.033153
18.160000	0.032693
18.170000	0.032231
18.180000	0.031766
18.190000	0.031299
18.200000	0.030828
18.210000	0.030356
18.220000	0.029881
18.230000	0.029403
18.240000	0.028923
18.250000	0.028440
18.260000	0.027956
18.270000	0.027469
18.280000	0.026980
18.290000	0.026488
18.300000	0.025995
18.310000	0.025500
18.320000	0.025002
18.330000	0.024503
18.340000	0.024002
18.350000	0.023499
18.360000	0.022994
18.370000	0.022487
18.380000	0.021979
18.390000	0.021469
18.400000	0.020957
18.410000	0.020444
18.420000	0.019930
18.430000	0.019414
18.440000	0.018897
18.450000	0.018378
18.460000	0.017858
18.470000	0.017337
18.480000	0.016815
18.490000	0.016292
18.500000	0.015767
18.510000	0.015242
18.520000	0.014716
18.530000	0.014188
18.540000	0.013660
18.550000	0.013131
18.560000	0.012602
18.570000	0.012072
18.580000	0.011541
18.590000	0.011009
18.600000	0.010477
18.610000	0.009945
18.620000	0.009412
18.630000	0.008879
18.640000	0.008345
18.650000	0.007811
18.660000	0.007277
18.670000	0.006743
18.680000	0.006209
18.690000	0.005674
18.700000	0.005140
18.710000	0.004606
18.720000	0.004072
18.730000	0.003538
18.740000	0.003004
18.750000	0.002471
18.760000	0.001937
18.770000	0.001405
18.780000	0.000872
18.790000	0.000340
18.800000	-0.000191
18.810000	-0.000722
18.820000	-0.001252
18.830000	-0.001781
18.840000	-0.002310
18.850000	-0.002838
18.860000	-0.003365
18.870000	-0.003891
18.880000	-0.004416
18.890000	-0.004941
18.900000	-0.005464
18.910000	-0.005986
18.920000	-0.006507
18.930000	-0.007027
18.940000	-0.007545
18.950000	-0.008062
18.960000	-0.008578
18.970000	-0.009093
18.980000	-0.009606
18.990000	-0.010117
19.000000	-0.010627
19.010000	-0.011135
19.020000	-0.011642
19.030000	-0.012147
19.040000	-0.012651
19.050000	-0.013152
19.060000	-0.013652
19.070000	-0.014150
19.080000	-0.014645
19.090000	-0.015139
19.100000	-0.015631
19.110000	-0.016121
19.120000	-0.016609
19.130000	-0.017094
19.140000	-0.017578
19.150000	-0.018059
19.160000	-0.018538
19.170000	-0.019014
19.180000	-0.019488
19.190000	-0.019960
19.200000	-0.020429
19.210000	-0.020895
19.220000	-0.021359
19.230000	-0.021821
19.240000	-0.022280
19.250000	-0.022736
19.260000	-0.023189
19.270000	-0.023640
19.280000	-0.024088
19.290000	-0.024533
19.300000	-0.024975
19.310000	-0.025414
19.320000	-0.025850
19.330000	-0.026283
19.340000	-0.026713
19.350000	-0.027140
19.360000	-0.027564
19.370000	-0.027984
19.380000	-0.028402
19.390000	-0.028816
19.400000	-0.029227
19.410000	-0.029634
19.420000	-0.030038
19.430000	-0.030439
19.440000	-0.030836
19.450000	-0.031230
19.460000	-0.031621
19.470000	-0.032007
19.480000	-0.032391
19.490000	-0.032770
19.500000	-0.033146
19.510000	-0.033518
19.520000	-0.033887
19.530000	-0.034252
19.540000	-0.034613
19.550000	-0.034970
19.560000	-0.035323
19.570000	-0.035673
19.580000	-0.036019
19.590000	-0.036360
19.600000	-0.036698
19.610000	-0.037032
19.620000	-0.037361
19.630000	-0.037687
19.640000	-0.038009
19.650000	-0.038326
19.660000	-0.038639
19.670000	-0.038948
19.680000	-0.039253
19.690000	-0.039554
19.700000	-0.039851
19.710000	-0.040143
19.720000	-0.040431
19.730000	-0.040715
19.740000	-0.040994
19.750000	-0.041269
19.760000	-0.041539
19.770000	-0.041806
19.780000	-0.042067
19.790000	-0.042325
19.800000	-0.042577
19.810000	-0.042826
19.820000	-0.043070
19.830000	-0.043309
19.840000	-0.043544
19.850000	-0.043774
19.860000	-0.043999
19.870000	-0.044220
19.880000	-0.044437
19.890000	-0.044649
19.900000	-0.044856
19.910000	-0.045058
19.920000	-0.045256
19.930000	-0.045449
19.940000	-0.045637
19.950000	-0.045821
19.960000	-0.046000
19.970000	-0.046174
19.980000	-0.046343
19.990000	-0.046508
